{"cameraMode":{"drawMode":0,"name":"Shaded","section":"Shading Mode"},"sceneLighting":true,"audioPlay":false,"sceneViewState":{"m_AlwaysRefresh":false,"showFog":true,"showSkybox":true,"showFlares":true,"showImageEffects":true,"showParticleSystems":true,"showVisualEffectGraphs":true,"m_FxEnabled":true},"in2DMode":false,"pivot":{"x":-2.572438955307007,"y":5.121481895446777,"z":22.594131469726564},"rotation":{"x":0.008394496515393258,"y":-0.029994992539286615,"z":0.0002512489736545831,"w":0.9995169639587402},"size":18.15858268737793,"orthographic":false}